/share/Recordings/iq/00_50_1a_02_2c_be/05-23/09/09_08_27.trig-01.jpg,"{""IQimage"":{""sequence"":12534,""time"":1400854107907,""event"":[""none""],""imgjdbg"":"" 426/024:20/120/009:083/101/01/4/40/70/20/18:07/09/07:fc""}}",
/share/Recordings/iq/00_50_1a_02_2c_be/05-23/09/09_51_17.trig+01.jpg,"{""IQimage"":{""sequence"":58763,""time"":1400856677367,""event"":[""motion""],""motionWindows"":[6],""imgjdbg"":"" 397/024:21/174/008:083/100/01/4/40/70/20/18:07/09/09:76""}}",
/share/Recordings/iq/00_50_1a_02_2c_be/05-23/09/09_46_14.trig-03.jpg,"{""IQimage"":{""sequence"":53315,""time"":1400856374540,""event"":[""none""],""imgjdbg"":"" 397/024:20/174/008:083/100/01/4/40/70/20/18:06/09/08:2e""}}",
/share/Recordings/iq/00_50_1a_02_2c_be/05-23/09/09_52_51.trig-02.jpg,"{""IQimage"":{""sequence"":60436,""time"":1400856771311,""event"":[""none""],""imgjdbg"":"" 379/024:21/240/012:083/101/01/4/40/70/20/18:05/07/06:92""}}",
/share/Recordings/iq/00_50_1a_02_2c_be/05-23/09/09_08_25.trig+01.jpg,"{""IQimage"":{""sequence"":12489,""time"":1400854105407,""event"":[""none""],""imgjdbg"":"" 426/024:20/120/009:083/101/01/4/40/70/20/18:07/09/08:fb""}}",
/share/Recordings/iq/00_50_1a_02_2c_be/05-23/09/09_08_24.trig+00.jpg,"{""IQimage"":{""sequence"":12479,""time"":1400854104862,""event"":[""motion""],""motionWindows"":[3],""imgjdbg"":"" 426/024:20/120/009:083/101/01/4/40/70/20/18:07/09/08:fb""}}",
/share/Recordings/iq/00_50_1a_02_2c_be/05-23/09/09_52_31.trig+00.jpg,"{""IQimage"":{""sequence"":60084,""time"":1400856751759,""event"":[""motion""],""motionWindows"":[6],""imgjdbg"":"" 379/024:21/240/012:083/101/01/4/40/70/20/18:06/07/07:89""}}",
/share/Recordings/iq/00_50_1a_02_2c_be/05-23/09/09_05_47.trig+00.jpg,"{""IQimage"":{""sequence"":9659,""time"":1400853947909,""event"":[""motion""],""motionWindows"":[3],""imgjdbg"":"" 432/024:20/120/012:083/100/01/4/40/70/20/18:06/08/07:e2""}}",
/share/Recordings/iq/00_50_1a_02_2c_be/05-23/09/09_29_11.trig-04.jpg,"{""IQimage"":{""sequence"":34910,""time"":1400855351619,""event"":[""none""],""imgjdbg"":"" 412/024:20/120/002:084/100/01/4/40/70/20/18:07/09/08:62""}}",
/share/Recordings/iq/00_50_1a_02_2c_be/05-23/09/09_28_14.trig+00.jpg,"{""IQimage"":{""sequence"":33884,""time"":1400855294599,""event"":[""motion""],""motionWindows"":[1,4,6],""imgjdbg"":"" 412/024:19/120/002:083/099/01/4/40/70/20/18:06/08/08:54""}}",
/share/Recordings/iq/00_50_1a_02_2c_be/05-23/09/09_08_20.trig+00.jpg,"{""IQimage"":{""sequence"":12401,""time"":1400854100529,""event"":[""motion""],""motionWindows"":[6],""imgjdbg"":"" 426/024:20/120/009:083/101/01/4/40/70/20/18:07/09/08:fb""}}",
/share/Recordings/iq/00_50_1a_02_2c_be/05-23/09/09_50_00.trig+01.jpg,"{""IQimage"":{""sequence"":57385,""time"":1400856600763,""event"":[""motion""],""motionWindows"":[6],""imgjdbg"":"" 397/024:21/174/008:083/101/01/4/40/70/20/18:06/08/08:6c""}}",
/share/Recordings/iq/00_50_1a_02_2c_be/05-23/09/09_09_05.trig+01.jpg,"{""IQimage"":{""sequence"":13205,""time"":1400854145190,""event"":[""none""],""imgjdbg"":"" 426/024:20/120/009:083/101/01/4/40/70/20/18:06/09/07:04""}}",
/share/Recordings/iq/00_50_1a_02_2c_be/05-23/09/09_09_18.trig-02.jpg,"{""IQimage"":{""sequence"":13440,""time"":1400854158243,""event"":[""none""],""imgjdbg"":"" 426/024:20/120/009:083/101/01/4/40/70/20/18:06/09/07:04""}}",
/share/Recordings/iq/00_50_1a_02_2c_be/05-23/09/09_50_01.trig+00.jpg,"{""IQimage"":{""sequence"":57400,""time"":1400856601597,""event"":[""motion""],""motionWindows"":[3,6],""imgjdbg"":"" 397/024:21/174/008:083/101/01/4/40/70/20/18:06/08/08:6c""}}",
/share/Recordings/iq/00_50_1a_02_2c_be/05-23/09/09_52_53.trig+00.jpg,"{""IQimage"":{""sequence"":60470,""time"":1400856773220,""event"":[""motion""],""motionWindows"":[4],""imgjdbg"":"" 379/024:21/240/012:083/100/01/4/40/70/20/18:05/07/06:94""}}",
/share/Recordings/iq/00_50_1a_02_2c_be/05-23/09/09_29_11.trig-03.jpg,"{""IQimage"":{""sequence"":34913,""time"":1400855351786,""event"":[""none""],""imgjdbg"":"" 412/024:20/120/002:084/100/01/4/40/70/20/18:07/09/08:62""}}",
/share/Recordings/iq/00_50_1a_02_2c_be/05-23/09/09_52_29.trig-02.jpg,"{""IQimage"":{""sequence"":60049,""time"":1400856749794,""event"":[""none""],""imgjdbg"":"" 379/024:21/240/012:083/101/01/4/40/70/20/18:06/07/07:89""}}",
/share/Recordings/iq/00_50_1a_02_2c_be/05-23/09/09_29_14.trig-01.jpg,"{""IQimage"":{""sequence"":34966,""time"":1400855354751,""event"":[""none""],""imgjdbg"":"" 412/024:20/120/002:084/100/01/4/40/70/20/18:07/09/08:62""}}",
/share/Recordings/iq/00_50_1a_02_2c_be/05-23/09/09_52_51.trig+01.jpg,"{""IQimage"":{""sequence"":60444,""time"":1400856771755,""event"":[""motion""],""motionWindows"":[4],""imgjdbg"":"" 379/024:21/240/012:083/101/01/4/40/70/20/18:05/07/06:92""}}",
/share/Recordings/iq/00_50_1a_02_2c_be/05-23/09/09_51_26.trig-03.jpg,"{""IQimage"":{""sequence"":58930,""time"":1400856686643,""event"":[""none""],""imgjdbg"":"" 381/024:21/174/000:083/099/01/4/40/70/20/18:06/08/07:80""}}",
/share/Recordings/iq/00_50_1a_02_2c_be/05-23/09/09_51_44.trig+00.jpg,"{""IQimage"":{""sequence"":59253,""time"":1400856704658,""event"":[""motion""],""motionWindows"":[4],""imgjdbg"":"" 379/024:21/240/012:083/101/01/4/40/70/20/18:05/07/06:85""}}",
/share/Recordings/iq/00_50_1a_02_2c_be/05-23/09/09_05_35.trig+01.jpg,"{""IQimage"":{""sequence"":9437,""time"":1400853935547,""event"":[""none""],""imgjdbg"":"" 440/024:20/120/016:083/097/01/4/40/70/20/18:06/08/08:d8""}}",
/share/Recordings/iq/00_50_1a_02_2c_be/05-23/09/09_06_55.trig-01.jpg,"{""IQimage"":{""sequence"":10879,""time"":1400854015957,""event"":[""motion""],""motionWindows"":[4],""imgjdbg"":"" 426/024:20/120/009:083/100/01/4/40/70/20/18:07/09/08:f4""}}",
/share/Recordings/iq/00_50_1a_02_2c_be/05-23/09/09_08_09.trig+01.jpg,"{""IQimage"":{""sequence"":12211,""time"":1400854089995,""event"":[""none""],""imgjdbg"":"" 426/024:20/120/009:083/101/01/4/40/70/20/18:07/09/08:fb""}}",
/share/Recordings/iq/00_50_1a_02_2c_be/05-23/09/09_49_59.trig+00.jpg,"{""IQimage"":{""sequence"":57368,""time"":1400856599819,""event"":[""motion""],""motionWindows"":[6],""imgjdbg"":"" 397/024:21/174/008:083/101/01/4/40/70/20/18:06/08/08:6c""}}",
/share/Recordings/iq/00_50_1a_02_2c_be/05-23/09/09_28_13.trig-04.jpg,"{""IQimage"":{""sequence"":33864,""time"":1400855293467,""event"":[""none""],""imgjdbg"":"" 412/024:19/120/002:083/099/01/4/40/70/20/18:06/08/08:54""}}",
/share/Recordings/iq/00_50_1a_02_2c_be/05-23/09/09_48_26.trig-01.jpg,"{""IQimage"":{""sequence"":55686,""time"":1400856506379,""event"":[""motion""],""motionWindows"":[6],""imgjdbg"":"" 377/024:19/240/011:083/101/01/4/40/70/20/18:06/08/07:4f""}}",
/share/Recordings/iq/00_50_1a_02_2c_be/05-23/09/09_49_58.trig+01.jpg,"{""IQimage"":{""sequence"":57337,""time"":1400856598107,""event"":[""motion""],""motionWindows"":[6],""imgjdbg"":"" 397/024:21/174/008:083/101/01/4/40/70/20/18:06/08/08:6c""}}",
/share/Recordings/iq/00_50_1a_02_2c_be/05-23/09/09_08_20.trig+01.jpg,"{""IQimage"":{""sequence"":12404,""time"":1400854100696,""event"":[""motion""],""motionWindows"":[6],""imgjdbg"":"" 426/024:20/120/009:083/101/01/4/40/70/20/18:07/09/08:fb""}}",
/share/Recordings/iq/00_50_1a_02_2c_be/05-23/09/09_51_16.trig-04.jpg,"{""IQimage"":{""sequence"":58739,""time"":1400856676013,""event"":[""none""],""imgjdbg"":"" 397/024:21/174/008:083/100/01/4/40/70/20/18:05/08/08:75""}}",
/share/Recordings/iq/00_50_1a_02_2c_be/05-23/09/09_29_05.trig+00.jpg,"{""IQimage"":{""sequence"":34807,""time"":1400855345867,""event"":[""motion""],""motionWindows"":[3],""imgjdbg"":"" 412/024:20/120/002:084/100/01/4/40/70/20/18:07/09/08:62""}}",
/share/Recordings/iq/00_50_1a_02_2c_be/05-23/09/09_06_55.trig-04.jpg,"{""IQimage"":{""sequence"":10868,""time"":1400854015346,""event"":[""none""],""imgjdbg"":"" 426/024:20/120/009:083/100/01/4/40/70/20/18:07/09/08:f4""}}",
/share/Recordings/iq/00_50_1a_02_2c_be/05-23/09/09_06_58.trig+00.jpg,"{""IQimage"":{""sequence"":10920,""time"":1400854018255,""event"":[""motion""],""motionWindows"":[4],""imgjdbg"":"" 426/024:20/120/009:083/100/01/4/40/70/20/18:07/09/08:f4""}}",
/share/Recordings/iq/00_50_1a_02_2c_be/05-23/09/09_05_50.trig+00.jpg,"{""IQimage"":{""sequence"":9706,""time"":1400853950480,""event"":[""motion""],""motionWindows"":[3],""imgjdbg"":"" 432/024:20/120/012:083/100/01/4/40/70/20/18:06/07/07:e4""}}",
/share/Recordings/iq/00_50_1a_02_2c_be/05-23/09/09_08_06.trig+01.jpg,"{""IQimage"":{""sequence"":12154,""time"":1400854086798,""event"":[""motion""],""motionWindows"":[2],""imgjdbg"":"" 426/024:20/120/009:083/101/01/4/40/70/20/18:07/09/08:fb""}}",
/share/Recordings/iq/00_50_1a_02_2c_be/05-23/09/09_50_01.trig+01.jpg,"{""IQimage"":{""sequence"":57403,""time"":1400856601763,""event"":[""motion""],""motionWindows"":[3],""imgjdbg"":"" 397/024:21/174/008:083/101/01/4/40/70/20/18:06/08/08:6c""}}",
/share/Recordings/iq/00_50_1a_02_2c_be/05-23/09/09_29_17.trig-01.jpg,"{""IQimage"":{""sequence"":35009,""time"":1400855357170,""event"":[""none""],""imgjdbg"":"" 412/024:20/120/002:084/100/01/4/40/70/20/18:07/09/08:62""}}",
/share/Recordings/iq/00_50_1a_02_2c_be/05-23/09/09_29_16.trig-02.jpg,"{""IQimage"":{""sequence"":35005,""time"":1400855356948,""event"":[""none""],""imgjdbg"":"" 412/024:20/120/002:084/100/01/4/40/70/20/18:07/09/08:62""}}",
/share/Recordings/iq/00_50_1a_02_2c_be/05-23/09/09_05_53.trig-01.jpg,"{""IQimage"":{""sequence"":9760,""time"":1400853953469,""event"":[""none""],""imgjdbg"":"" 432/024:20/120/012:083/100/01/4/40/70/20/18:06/07/07:e7""}}",
/share/Recordings/iq/00_50_1a_02_2c_be/05-23/09/09_46_52.trig+00.jpg,"{""IQimage"":{""sequence"":54006,""time"":1400856412942,""event"":[""motion""],""motionWindows"":[2],""imgjdbg"":"" 383/024:20/174/001:083/099/01/4/40/70/20/18:06/07/07:3f""}}",
/share/Recordings/iq/00_50_1a_02_2c_be/05-23/09/09_08_07.trig+01.jpg,"{""IQimage"":{""sequence"":12162,""time"":1400854087273,""event"":[""motion""],""motionWindows"":[2],""imgjdbg"":"" 426/024:20/120/009:083/101/01/4/40/70/20/18:07/09/08:fb""}}",
/share/Recordings/iq/00_50_1a_02_2c_be/05-23/09/09_06_55.trig-03.jpg,"{""IQimage"":{""sequence"":10871,""time"":1400854015512,""event"":[""none""],""imgjdbg"":"" 426/024:20/120/009:083/100/01/4/40/70/20/18:07/09/08:f4""}}",
/share/Recordings/iq/00_50_1a_02_2c_be/05-23/09/09_05_45.trig-03.jpg,"{""IQimage"":{""sequence"":9611,""time"":1400853945212,""event"":[""none""],""imgjdbg"":"" 434/024:20/120/013:083/100/01/4/40/70/20/18:06/07/07:e1""}}",
/share/Recordings/iq/00_50_1a_02_2c_be/05-23/09/09_08_13.trig+01.jpg,"{""IQimage"":{""sequence"":12271,""time"":1400854093308,""event"":[""motion""],""motionWindows"":[2],""imgjdbg"":"" 426/024:20/120/009:083/101/01/4/40/70/20/18:07/09/08:fb""}}",
/share/Recordings/iq/00_50_1a_02_2c_be/05-23/09/09_51_33.trig+01.jpg,"{""IQimage"":{""sequence"":59054,""time"":1400856693573,""event"":[""motion""],""motionWindows"":[4],""imgjdbg"":"" 381/024:21/174/000:083/099/01/4/40/70/20/18:06/08/07:80""}}",
/share/Recordings/iq/00_50_1a_02_2c_be/05-23/09/09_29_15.trig+01.jpg,"{""IQimage"":{""sequence"":34977,""time"":1400855355393,""event"":[""none""],""imgjdbg"":"" 412/024:20/120/002:084/100/01/4/40/70/20/18:07/09/08:62""}}",
/share/Recordings/iq/00_50_1a_02_2c_be/05-23/09/09_08_15.trig+01.jpg,"{""IQimage"":{""sequence"":12312,""time"":1400854095586,""event"":[""motion""],""motionWindows"":[2],""imgjdbg"":"" 426/024:20/120/009:083/101/01/4/40/70/20/18:07/09/08:fb""}}",
/share/Recordings/iq/00_50_1a_02_2c_be/05-23/09/09_49_59.trig+01.jpg,"{""IQimage"":{""sequence"":57371,""time"":1400856599986,""event"":[""motion""],""motionWindows"":[6],""imgjdbg"":"" 397/024:21/174/008:083/101/01/4/40/70/20/18:06/08/08:6c""}}",
/share/Recordings/iq/00_50_1a_02_2c_be/05-23/09/09_46_14.trig-02.jpg,"{""IQimage"":{""sequence"":53319,""time"":1400856374762,""event"":[""none""],""imgjdbg"":"" 397/024:20/174/008:083/100/01/4/40/70/20/18:06/09/08:2e""}}",
/share/Recordings/iq/00_50_1a_02_2c_be/05-23/09/09_25_04.trig-04.jpg,"{""IQimage"":{""sequence"":30473,""time"":1400855104977,""event"":[""none""],""imgjdbg"":"" 442/020:20/120/017:083/097/01/4/40/70/20/18:06/07/07:10""}}",
/share/Recordings/iq/00_50_1a_02_2c_be/05-23/09/09_06_56.trig+01.jpg,"{""IQimage"":{""sequence"":10889,""time"":1400854016533,""event"":[""none""],""imgjdbg"":"" 426/024:20/120/009:083/100/01/4/40/70/20/18:07/09/08:f4""}}",
/share/Recordings/iq/00_50_1a_02_2c_be/05-23/09/09_08_27.trig-04.jpg,"{""IQimage"":{""sequence"":12523,""time"":1400854107296,""event"":[""none""],""imgjdbg"":"" 426/024:20/120/009:083/101/01/4/40/70/20/18:07/09/07:fc""}}",
/share/Recordings/iq/00_50_1a_02_2c_be/05-23/09/09_08_23.trig+00.jpg,"{""IQimage"":{""sequence"":12457,""time"":1400854103640,""event"":[""motion""],""motionWindows"":[3],""imgjdbg"":"" 426/024:20/120/009:083/101/01/4/40/70/20/18:07/09/08:fb""}}",
/share/Recordings/iq/00_50_1a_02_2c_be/05-23/09/09_29_16.trig-03.jpg,"{""IQimage"":{""sequence"":35001,""time"":1400855356726,""event"":[""none""],""imgjdbg"":"" 412/024:20/120/002:084/100/01/4/40/70/20/18:07/09/08:62""}}",
/share/Recordings/iq/00_50_1a_02_2c_be/05-23/09/09_50_02.trig+01.jpg,"{""IQimage"":{""sequence"":57422,""time"":1400856602818,""event"":[""motion""],""motionWindows"":[3],""imgjdbg"":"" 397/024:21/174/008:083/101/01/4/40/70/20/18:06/08/08:6c""}}",
/share/Recordings/iq/00_50_1a_02_2c_be/05-23/09/09_29_17.trig+01.jpg,"{""IQimage"":{""sequence"":35021,""time"":1400855357868,""event"":[""motion""],""motionWindows"":[4],""imgjdbg"":"" 412/024:20/120/002:084/100/01/4/40/70/20/18:07/09/08:62""}}",
/share/Recordings/iq/00_50_1a_02_2c_be/05-23/09/09_29_12.trig+00.jpg,"{""IQimage"":{""sequence"":34930,""time"":1400855352751,""event"":[""motion""],""motionWindows"":[1],""imgjdbg"":"" 412/024:20/120/002:084/100/01/4/40/70/20/18:07/09/08:62""}}",
/share/Recordings/iq/00_50_1a_02_2c_be/05-23/09/09_46_15.trig+01.jpg,"{""IQimage"":{""sequence"":53329,""time"":1400856375317,""event"":[""none""],""imgjdbg"":"" 397/024:20/174/008:083/100/01/4/40/70/20/18:06/09/08:2e""}}",
/share/Recordings/iq/00_50_1a_02_2c_be/05-23/09/09_05_50.trig-01.jpg,"{""IQimage"":{""sequence"":9705,""time"":1400853950424,""event"":[""none""],""imgjdbg"":"" 432/024:20/120/012:083/100/01/4/40/70/20/18:06/07/07:e4""}}",
/share/Recordings/iq/00_50_1a_02_2c_be/05-23/09/09_27_53.trig-02.jpg,"{""IQimage"":{""sequence"":33505,""time"":1400855273505,""event"":[""none""],""imgjdbg"":"" 412/024:19/120/002:083/099/01/4/40/70/20/18:06/08/08:54""}}",
/share/Recordings/iq/00_50_1a_02_2c_be/05-23/09/09_08_22.trig+01.jpg,"{""IQimage"":{""sequence"":12441,""time"":1400854102751,""event"":[""motion""],""motionWindows"":[3,6],""imgjdbg"":"" 426/024:20/120/009:083/101/01/4/40/70/20/18:07/09/08:fb""}}",
/share/Recordings/iq/00_50_1a_02_2c_be/05-23/09/09_29_05.trig-04.jpg,"{""IQimage"":{""sequence"":34794,""time"":1400855345145,""event"":[""none""],""imgjdbg"":"" 412/024:20/120/002:084/100/01/4/40/70/20/18:07/09/08:62""}}",
/share/Recordings/iq/00_50_1a_02_2c_be/05-23/09/09_51_40.trig-04.jpg,"{""IQimage"":{""sequence"":59182,""time"":1400856700683,""event"":[""none""],""imgjdbg"":"" 379/024:21/240/012:083/101/01/4/40/70/20/18:05/07/06:85""}}",
/share/Recordings/iq/00_50_1a_02_2c_be/05-23/09/09_51_30.trig+01.jpg,"{""IQimage"":{""sequence"":59004,""time"":1400856690796,""event"":[""none""],""imgjdbg"":"" 381/024:21/174/000:083/099/01/4/40/70/20/18:06/08/07:80""}}",
/share/Recordings/iq/00_50_1a_02_2c_be/05-23/09/09_08_10.trig+00.jpg,"{""IQimage"":{""sequence"":12224,""time"":1400854090717,""event"":[""motion""],""motionWindows"":[2],""imgjdbg"":"" 426/024:20/120/009:083/101/01/4/40/70/20/18:07/09/08:fb""}}",
/share/Recordings/iq/00_50_1a_02_2c_be/05-23/09/09_09_04.trig-02.jpg,"{""IQimage"":{""sequence"":13190,""time"":1400854144335,""event"":[""none""],""imgjdbg"":"" 426/024:20/120/009:083/101/01/4/40/70/20/18:06/09/07:04""}}",
/share/Recordings/iq/00_50_1a_02_2c_be/05-23/09/09_49_07.trig-01.jpg,"{""IQimage"":{""sequence"":56418,""time"":1400856547059,""event"":[""none""],""imgjdbg"":"" 397/024:21/174/008:084/101/01/4/40/70/20/18:07/10/08:68""}}",
/share/Recordings/iq/00_50_1a_02_2c_be/05-23/09/09_06_15.trig-01.jpg,"{""IQimage"":{""sequence"":10154,""time"":1400853975294,""event"":[""none""],""imgjdbg"":"" 428/024:20/120/010:083/100/01/4/40/70/20/18:06/08/07:f0""}}",
/share/Recordings/iq/00_50_1a_02_2c_be/05-23/09/09_08_27.trig+00.jpg,"{""IQimage"":{""sequence"":12535,""time"":1400854107962,""event"":[""motion""],""motionWindows"":[3],""imgjdbg"":"" 426/024:20/120/009:083/100/01/4/40/70/20/18:06/09/07:fd""}}",
/share/Recordings/iq/00_50_1a_02_2c_be/05-23/09/09_08_06.trig+00.jpg,"{""IQimage"":{""sequence"":12151,""time"":1400854086631,""event"":[""motion""],""motionWindows"":[2],""imgjdbg"":"" 426/024:20/120/009:083/101/01/4/40/70/20/18:07/09/08:fb""}}",
/share/Recordings/iq/00_50_1a_02_2c_be/05-23/09/09_49_57.trig+01.jpg,"{""IQimage"":{""sequence"":57331,""time"":1400856597753,""event"":[""none""],""imgjdbg"":"" 397/024:21/174/008:083/101/01/4/40/70/20/18:06/08/08:6c""}}",
/share/Recordings/iq/00_50_1a_02_2c_be/05-23/09/09_06_16.trig+01.jpg,"{""IQimage"":{""sequence"":10168,""time"":1400853976093,""event"":[""none""],""imgjdbg"":"" 428/024:20/120/010:083/100/01/4/40/70/20/18:06/08/07:f0""}}",
/share/Recordings/iq/00_50_1a_02_2c_be/05-23/09/09_06_57.trig+01.jpg,"{""IQimage"":{""sequence"":10913,""time"":1400854017866,""event"":[""motion""],""motionWindows"":[4],""imgjdbg"":"" 426/024:20/120/009:083/100/01/4/40/70/20/18:07/09/08:f4""}}",
/share/Recordings/iq/00_50_1a_02_2c_be/05-23/09/09_51_41.trig-02.jpg,"{""IQimage"":{""sequence"":59190,""time"":1400856701127,""event"":[""none""],""imgjdbg"":"" 379/024:21/240/012:083/101/01/4/40/70/20/18:05/07/06:85""}}",
/share/Recordings/iq/00_50_1a_02_2c_be/05-23/09/09_49_09.trig+00.jpg,"{""IQimage"":{""sequence"":56466,""time"":1400856549747,""event"":[""motion""],""motionWindows"":[3],""imgjdbg"":"" 397/024:21/174/008:084/101/01/4/40/70/20/18:07/10/08:68""}}",
/share/Recordings/iq/00_50_1a_02_2c_be/05-23/09/09_05_45.trig-04.jpg,"{""IQimage"":{""sequence"":9608,""time"":1400853945045,""event"":[""none""],""imgjdbg"":"" 434/024:20/120/013:083/100/01/4/40/70/20/18:06/07/07:e1""}}",
/share/Recordings/iq/00_50_1a_02_2c_be/05-23/09/09_09_04.trig+00.jpg,"{""IQimage"":{""sequence"":13196,""time"":1400854144669,""event"":[""motion""],""motionWindows"":[3],""imgjdbg"":"" 426/024:20/120/009:083/101/01/4/40/70/20/18:06/09/07:04""}}",
/share/Recordings/iq/00_50_1a_02_2c_be/05-23/09/09_51_44.trig+01.jpg,"{""IQimage"":{""sequence"":59256,""time"":1400856704824,""event"":[""none""],""imgjdbg"":"" 379/024:21/240/012:083/101/01/4/40/70/20/18:05/07/06:85""}}",
/share/Recordings/iq/00_50_1a_02_2c_be/05-23/09/09_08_25.trig+00.jpg,"{""IQimage"":{""sequence"":12486,""time"":1400854105241,""event"":[""motion""],""motionWindows"":[3],""imgjdbg"":"" 426/024:20/120/009:083/101/01/4/40/70/20/18:07/09/08:fb""}}",
/share/Recordings/iq/00_50_1a_02_2c_be/05-23/09/09_05_54.trig+01.jpg,"{""IQimage"":{""sequence"":9780,""time"":1400853954560,""event"":[""none""],""imgjdbg"":"" 432/024:20/120/012:083/100/01/4/40/70/20/18:06/07/07:e8""}}",
/share/Recordings/iq/00_50_1a_02_2c_be/05-23/09/09_08_14.trig+00.jpg,"{""IQimage"":{""sequence"":12300,""time"":1400854094919,""event"":[""motion""],""motionWindows"":[2],""imgjdbg"":"" 426/024:20/120/009:083/101/01/4/40/70/20/18:07/09/08:fb""}}",
/share/Recordings/iq/00_50_1a_02_2c_be/05-23/09/09_05_54.trig+00.jpg,"{""IQimage"":{""sequence"":9776,""time"":1400853954338,""event"":[""motion""],""motionWindows"":[3],""imgjdbg"":"" 432/024:20/120/012:083/100/01/4/40/70/20/18:06/07/07:e8""}}",
/share/Recordings/iq/00_50_1a_02_2c_be/05-23/09/09_50_03.trig+01.jpg,"{""IQimage"":{""sequence"":57442,""time"":1400856603929,""event"":[""none""],""imgjdbg"":"" 397/024:21/174/008:083/101/01/4/40/70/20/18:06/08/08:6c""}}",
/share/Recordings/iq/00_50_1a_02_2c_be/05-23/09/09_29_12.trig-01.jpg,"{""IQimage"":{""sequence"":34921,""time"":1400855352230,""event"":[""none""],""imgjdbg"":"" 412/024:20/120/002:084/100/01/4/40/70/20/18:07/09/08:62""}}",
/share/Recordings/iq/00_50_1a_02_2c_be/05-23/09/09_50_16.trig-01.jpg,"{""IQimage"":{""sequence"":57662,""time"":1400856616149,""event"":[""none""],""imgjdbg"":"" 397/024:21/174/008:083/101/01/4/40/70/20/18:05/07/07:6d""}}",
/share/Recordings/iq/00_50_1a_02_2c_be/05-23/09/09_52_29.trig-04.jpg,"{""IQimage"":{""sequence"":60042,""time"":1400856749405,""event"":[""none""],""imgjdbg"":"" 379/024:21/240/012:083/101/01/4/40/70/20/18:06/07/07:89""}}",
/share/Recordings/iq/00_50_1a_02_2c_be/05-23/09/09_52_51.trig-03.jpg,"{""IQimage"":{""sequence"":60433,""time"":1400856771144,""event"":[""none""],""imgjdbg"":"" 379/024:21/240/012:083/101/01/4/40/70/20/18:05/07/06:92""}}",
/share/Recordings/iq/00_50_1a_02_2c_be/05-23/09/09_50_45.trig-02.jpg,"{""IQimage"":{""sequence"":58187,""time"":1400856645331,""event"":[""none""],""imgjdbg"":"" 397/024:21/174/008:083/100/01/4/40/70/20/18:06/07/07:73""}}",
/share/Recordings/iq/00_50_1a_02_2c_be/05-23/09/09_49_56.trig-04.jpg,"{""IQimage"":{""sequence"":57315,""time"":1400856596864,""event"":[""none""],""imgjdbg"":"" 397/024:21/174/008:083/101/01/4/40/70/20/18:06/08/08:6c""}}",
/share/Recordings/iq/00_50_1a_02_2c_be/05-23/09/09_29_15.trig+00.jpg,"{""IQimage"":{""sequence"":34974,""time"":1400855355226,""event"":[""motion""],""motionWindows"":[1,4],""imgjdbg"":"" 412/024:20/120/002:084/100/01/4/40/70/20/18:07/09/08:62""}}",
/share/Recordings/iq/00_50_1a_02_2c_be/05-23/09/09_53_38.trig+01.jpg,"{""IQimage"":{""sequence"":61291,""time"":1400856818822,""event"":[""motion""],""motionWindows"":[2],""imgjdbg"":"" 372/024:21/240/009:083/101/01/4/40/70/20/18:05/07/07:a0""}}",
/share/Recordings/iq/00_50_1a_02_2c_be/05-23/09/09_09_17.trig-04.jpg,"{""IQimage"":{""sequence"":13433,""time"":1400854157854,""event"":[""none""],""imgjdbg"":"" 426/024:20/120/009:083/101/01/4/40/70/20/18:06/09/07:04""}}",
/share/Recordings/iq/00_50_1a_02_2c_be/05-23/09/09_53_38.trig-02.jpg,"{""IQimage"":{""sequence"":61281,""time"":1400856818267,""event"":[""none""],""imgjdbg"":"" 372/024:21/240/009:083/101/01/4/40/70/20/18:05/07/07:a0""}}",
/share/Recordings/iq/00_50_1a_02_2c_be/05-23/09/09_08_08.trig+00.jpg,"{""IQimage"":{""sequence"":12189,""time"":1400854088773,""event"":[""motion""],""motionWindows"":[2],""imgjdbg"":"" 426/024:20/120/009:083/101/01/4/40/70/20/18:07/09/08:fb""}}",
/share/Recordings/iq/00_50_1a_02_2c_be/05-23/09/09_06_17.trig+00.jpg,"{""IQimage"":{""sequence"":10198,""time"":1400853977759,""event"":[""motion""],""motionWindows"":[3],""imgjdbg"":"" 428/024:20/120/010:083/100/01/4/40/70/20/18:06/08/07:f0""}}",
/share/Recordings/iq/00_50_1a_02_2c_be/05-23/09/09_08_10.trig-01.jpg,"{""IQimage"":{""sequence"":12223,""time"":1400854090661,""event"":[""none""],""imgjdbg"":"" 426/024:20/120/009:083/101/01/4/40/70/20/18:07/09/08:fb""}}",
/share/Recordings/iq/00_50_1a_02_2c_be/05-23/09/09_51_43.trig+00.jpg,"{""IQimage"":{""sequence"":59235,""time"":1400856703658,""event"":[""motion""],""motionWindows"":[4],""imgjdbg"":"" 379/024:21/240/012:083/101/01/4/40/70/20/18:05/07/06:85""}}",
/share/Recordings/iq/00_50_1a_02_2c_be/05-23/09/09_29_05.trig-01.jpg,"{""IQimage"":{""sequence"":34805,""time"":1400855345756,""event"":[""none""],""imgjdbg"":"" 412/024:20/120/002:084/100/01/4/40/70/20/18:07/09/08:62""}}",
/share/Recordings/iq/00_50_1a_02_2c_be/05-23/09/09_46_52.trig-04.jpg,"{""IQimage"":{""sequence"":53994,""time"":1400856412276,""event"":[""none""],""imgjdbg"":"" 383/024:20/174/001:083/099/01/4/40/70/20/18:06/07/07:3f""}}",
/share/Recordings/iq/00_50_1a_02_2c_be/05-23/09/09_08_29.trig-01.jpg,"{""IQimage"":{""sequence"":12569,""time"":1400854109882,""event"":[""none""],""imgjdbg"":"" 426/024:20/120/009:083/101/01/4/40/70/20/18:07/09/07:fe""}}",
/share/Recordings/iq/00_50_1a_02_2c_be/05-23/09/09_49_06.trig-04.jpg,"{""IQimage"":{""sequence"":56408,""time"":1400856546504,""event"":[""none""],""imgjdbg"":"" 397/024:21/174/008:084/101/01/4/40/70/20/18:07/10/08:67""}}",
/share/Recordings/iq/00_50_1a_02_2c_be/05-23/09/09_52_30.trig+00.jpg,"{""IQimage"":{""sequence"":60062,""time"":1400856750537,""event"":[""motion""],""motionWindows"":[1,6],""imgjdbg"":"" 379/024:21/240/012:083/101/01/4/40/70/20/18:06/07/07:89""}}",
/share/Recordings/iq/00_50_1a_02_2c_be/05-23/09/09_06_14.trig-03.jpg,"{""IQimage"":{""sequence"":10147,""time"":1400853974905,""event"":[""none""],""imgjdbg"":"" 428/024:20/120/010:083/100/01/4/40/70/20/18:06/08/07:f0""}}",
/share/Recordings/iq/00_50_1a_02_2c_be/05-23/09/09_29_14.trig-03.jpg,"{""IQimage"":{""sequence"":34958,""time"":1400855354306,""event"":[""none""],""imgjdbg"":"" 412/024:20/120/002:084/100/01/4/40/70/20/18:07/09/08:62""}}",
/share/Recordings/iq/00_50_1a_02_2c_be/05-23/09/09_08_30.trig+01.jpg,"{""IQimage"":{""sequence"":12575,""time"":1400854110215,""event"":[""none""],""imgjdbg"":"" 426/024:20/120/009:083/100/01/4/40/70/20/18:06/09/07:ff""}}",
/share/Recordings/iq/00_50_1a_02_2c_be/05-23/09/09_09_04.trig+01.jpg,"{""IQimage"":{""sequence"":13199,""time"":1400854144835,""event"":[""none""],""imgjdbg"":"" 426/024:20/120/009:083/101/01/4/40/70/20/18:06/09/07:04""}}",
/share/Recordings/iq/00_50_1a_02_2c_be/05-23/09/09_05_52.trig+01.jpg,"{""IQimage"":{""sequence"":9742,""time"":1400853952470,""event"":[""motion""],""motionWindows"":[3],""imgjdbg"":"" 432/024:20/120/012:083/100/01/4/40/70/20/18:06/07/07:e6""}}",
/share/Recordings/iq/00_50_1a_02_2c_be/05-23/09/09_05_35.trig+00.jpg,"{""IQimage"":{""sequence"":9434,""time"":1400853935381,""event"":[""motion""],""motionWindows"":[3],""imgjdbg"":"" 440/024:20/120/016:083/097/01/4/40/70/20/18:06/08/08:d8""}}",
/share/Recordings/iq/00_50_1a_02_2c_be/05-23/09/09_46_14.trig-04.jpg,"{""IQimage"":{""sequence"":53312,""time"":1400856374373,""event"":[""none""],""imgjdbg"":"" 397/024:20/174/008:083/100/01/4/40/70/20/18:06/09/08:2e""}}",
/share/Recordings/iq/00_50_1a_02_2c_be/05-23/09/09_25_05.trig-01.jpg,"{""IQimage"":{""sequence"":30484,""time"":1400855105588,""event"":[""none""],""imgjdbg"":"" 442/020:20/120/017:083/097/01/4/40/70/20/18:06/07/07:10""}}",
/share/Recordings/iq/00_50_1a_02_2c_be/05-23/09/09_29_19.trig+00.jpg,"{""IQimage"":{""sequence"":35044,""time"":1400855359146,""event"":[""none""],""imgjdbg"":"" 412/024:20/120/002:084/100/01/4/40/70/20/18:07/09/08:62""}}",
/share/Recordings/iq/00_50_1a_02_2c_be/05-23/09/09_51_31.trig+00.jpg,"{""IQimage"":{""sequence"":59023,""time"":1400856691851,""event"":[""motion""],""motionWindows"":[4],""imgjdbg"":"" 381/024:21/174/000:083/099/01/4/40/70/20/18:06/08/07:80""}}",
/share/Recordings/iq/00_50_1a_02_2c_be/05-23/09/09_08_11.trig+00.jpg,"{""IQimage"":{""sequence"":12231,""time"":1400854091066,""event"":[""motion""],""motionWindows"":[2],""imgjdbg"":"" 426/024:20/120/009:083/101/01/4/40/70/20/18:07/09/08:fb""}}",
/share/Recordings/iq/00_50_1a_02_2c_be/05-23/09/09_05_34.trig-01.jpg,"{""IQimage"":{""sequence"":9427,""time"":1400853934971,""event"":[""none""],""imgjdbg"":"" 440/024:20/120/016:083/097/01/4/40/70/20/18:06/08/08:d8""}}",
/share/Recordings/iq/00_50_1a_02_2c_be/05-23/09/09_51_16.trig+01.jpg,"{""IQimage"":{""sequence"":58756,""time"":1400856676957,""event"":[""motion""],""motionWindows"":[6],""imgjdbg"":"" 397/024:21/174/008:083/100/01/4/40/70/20/18:05/08/08:75""}}",
/share/Recordings/iq/00_50_1a_02_2c_be/05-23/09/09_05_48.trig+00.jpg,"{""IQimage"":{""sequence"":9668,""time"":1400853948379,""event"":[""motion""],""motionWindows"":[3],""imgjdbg"":"" 432/024:20/120/012:083/100/01/4/40/70/20/18:06/08/07:e2""}}",
/share/Recordings/iq/00_50_1a_02_2c_be/05-23/09/09_08_23.trig+01.jpg,"{""IQimage"":{""sequence"":12460,""time"":1400854103806,""event"":[""motion""],""motionWindows"":[3],""imgjdbg"":"" 426/024:20/120/009:083/101/01/4/40/70/20/18:07/09/08:fb""}}",
/share/Recordings/iq/00_50_1a_02_2c_be/05-23/09/09_05_47.trig-02.jpg,"{""IQimage"":{""sequence"":9652,""time"":1400853947521,""event"":[""none""],""imgjdbg"":"" 432/024:20/120/012:083/100/01/4/40/70/20/18:06/08/07:e2""}}",
/share/Recordings/iq/00_50_1a_02_2c_be/05-23/09/09_08_14.trig+01.jpg,"{""IQimage"":{""sequence"":12294,""time"":1400854094586,""event"":[""motion""],""motionWindows"":[2],""imgjdbg"":"" 426/024:20/120/009:083/101/01/4/40/70/20/18:07/09/08:fb""}}",
/share/Recordings/iq/00_50_1a_02_2c_be/05-23/09/09_52_32.trig+01.jpg,"{""IQimage"":{""sequence"":60105,""time"":1400856752925,""event"":[""none""],""imgjdbg"":"" 379/024:21/240/012:083/101/01/4/40/70/20/18:06/07/07:89""}}",
/share/Recordings/iq/00_50_1a_02_2c_be/05-23/09/09_08_11.trig+01.jpg,"{""IQimage"":{""sequence"":12234,""time"":1400854091232,""event"":[""motion""],""motionWindows"":[2],""imgjdbg"":"" 426/024:20/120/009:083/101/01/4/40/70/20/18:07/09/08:fb""}}",
/share/Recordings/iq/00_50_1a_02_2c_be/05-23/09/09_28_13.trig-03.jpg,"{""IQimage"":{""sequence"":33868,""time"":1400855293689,""event"":[""none""],""imgjdbg"":"" 412/024:19/120/002:083/099/01/4/40/70/20/18:06/08/08:54""}}",
/share/Recordings/iq/00_50_1a_02_2c_be/05-23/09/09_51_16.trig+00.jpg,"{""IQimage"":{""sequence"":58753,""time"":1400856676791,""event"":[""motion""],""motionWindows"":[6],""imgjdbg"":"" 397/024:21/174/008:083/100/01/4/40/70/20/18:05/08/08:75""}}",
/share/Recordings/iq/00_50_1a_02_2c_be/05-23/09/09_29_14.trig+00.jpg,"{""IQimage"":{""sequence"":34967,""time"":1400855354806,""event"":[""motion""],""motionWindows"":[4],""imgjdbg"":"" 412/024:20/120/002:084/100/01/4/40/70/20/18:07/09/08:62""}}",
/share/Recordings/iq/00_50_1a_02_2c_be/05-23/09/09_05_46.trig+01.jpg,"{""IQimage"":{""sequence"":9629,""time"":1400853946243,""event"":[""motion""],""motionWindows"":[6],""imgjdbg"":"" 434/024:20/120/013:083/100/01/4/40/70/20/18:06/07/07:e1""}}",
/share/Recordings/iq/00_50_1a_02_2c_be/05-23/09/09_53_38.trig-01.jpg,"{""IQimage"":{""sequence"":61285,""time"":1400856818489,""event"":[""none""],""imgjdbg"":"" 372/024:21/240/009:083/101/01/4/40/70/20/18:05/07/07:a0""}}",
/share/Recordings/iq/00_50_1a_02_2c_be/05-23/09/09_52_30.trig-01.jpg,"{""IQimage"":{""sequence"":60053,""time"":1400856750016,""event"":[""none""],""imgjdbg"":"" 379/024:21/240/012:083/101/01/4/40/70/20/18:06/07/07:89""}}",
/share/Recordings/iq/00_50_1a_02_2c_be/05-23/09/09_52_50.trig-04.jpg,"{""IQimage"":{""sequence"":60429,""time"":1400856770922,""event"":[""none""],""imgjdbg"":"" 379/024:21/240/012:083/101/01/4/40/70/20/18:05/07/06:92""}}",
/share/Recordings/iq/00_50_1a_02_2c_be/05-23/09/09_52_33.trig+00.jpg,"{""IQimage"":{""sequence"":60111,""time"":1400856753259,""event"":[""motion""],""motionWindows"":[6],""imgjdbg"":"" 379/024:21/240/012:083/101/01/4/40/70/20/18:06/07/07:89""}}",
/share/Recordings/iq/00_50_1a_02_2c_be/05-23/09/09_05_54.trig-01.jpg,"{""IQimage"":{""sequence"":9774,""time"":1400853954227,""event"":[""none""],""imgjdbg"":"" 432/024:20/120/012:083/100/01/4/40/70/20/18:06/07/07:e8""}}",
/share/Recordings/iq/00_50_1a_02_2c_be/05-23/09/09_08_06.trig-02.jpg,"{""IQimage"":{""sequence"":12147,""time"":1400854086409,""event"":[""none""],""imgjdbg"":"" 426/024:20/120/009:083/101/01/4/40/70/20/18:07/09/08:fb""}}",
/share/Recordings/iq/00_50_1a_02_2c_be/05-23/09/09_50_15.trig-02.jpg,"{""IQimage"":{""sequence"":57659,""time"":1400856615983,""event"":[""none""],""imgjdbg"":"" 397/024:21/174/008:083/101/01/4/40/70/20/18:05/07/07:6d""}}",
/share/Recordings/iq/00_50_1a_02_2c_be/05-23/09/09_51_34.trig+01.jpg,"{""IQimage"":{""sequence"":59072,""time"":1400856694573,""event"":[""none""],""imgjdbg"":"" 381/024:21/174/000:083/099/01/4/40/70/20/18:06/08/07:80""}}",
/share/Recordings/iq/00_50_1a_02_2c_be/05-23/09/09_06_55.trig-02.jpg,"{""IQimage"":{""sequence"":10875,""time"":1400854015735,""event"":[""none""],""imgjdbg"":"" 426/024:20/120/009:083/100/01/4/40/70/20/18:07/09/08:f4""}}",
/share/Recordings/iq/00_50_1a_02_2c_be/05-23/09/09_08_10.trig-02.jpg,"{""IQimage"":{""sequence"":12219,""time"":1400854090439,""event"":[""none""],""imgjdbg"":"" 426/024:20/120/009:083/101/01/4/40/70/20/18:07/09/08:fb""}}",
/share/Recordings/iq/00_50_1a_02_2c_be/05-23/09/09_52_53.trig+01.jpg,"{""IQimage"":{""sequence"":60473,""time"":1400856773387,""event"":[""none""],""imgjdbg"":"" 379/024:21/240/012:083/100/01/4/40/70/20/18:05/07/06:94""}}",
/share/Recordings/iq/00_50_1a_02_2c_be/05-23/09/09_51_29.trig-02.jpg,"{""IQimage"":{""sequence"":58986,""time"":1400856689775,""event"":[""none""],""imgjdbg"":"" 381/024:21/174/000:083/099/01/4/40/70/20/18:06/08/07:80""}}",
/share/Recordings/iq/00_50_1a_02_2c_be/05-23/09/09_06_18.trig+01.jpg,"{""IQimage"":{""sequence"":10213,""time"":1400853978592,""event"":[""none""],""imgjdbg"":"" 428/024:20/120/010:083/100/01/4/40/70/20/18:06/08/07:f0""}}",
/share/Recordings/iq/00_50_1a_02_2c_be/05-23/09/09_46_14.trig-01.jpg,"{""IQimage"":{""sequence"":53322,""time"":1400856374928,""event"":[""none""],""imgjdbg"":"" 397/024:20/174/008:083/100/01/4/40/70/20/18:06/09/08:2e""}}",
/share/Recordings/iq/00_50_1a_02_2c_be/05-23/09/09_08_12.trig-03.jpg,"{""IQimage"":{""sequence"":12255,""time"":1400854092399,""event"":[""none""],""imgjdbg"":"" 426/024:20/120/009:083/101/01/4/40/70/20/18:07/09/08:fb""}}",
/share/Recordings/iq/00_50_1a_02_2c_be/05-23/09/09_25_05.trig+01.jpg,"{""IQimage"":{""sequence"":30489,""time"":1400855105866,""event"":[""none""],""imgjdbg"":"" 442/020:20/120/017:083/097/01/4/40/70/20/18:06/07/07:11""}}",
/share/Recordings/iq/00_50_1a_02_2c_be/05-23/09/09_05_50.trig+01.jpg,"{""IQimage"":{""sequence"":9709,""time"":1400853950647,""event"":[""motion""],""motionWindows"":[3],""imgjdbg"":"" 432/024:20/120/012:083/100/01/4/40/70/20/18:06/07/07:e5""}}",
/share/Recordings/iq/00_50_1a_02_2c_be/05-23/09/09_08_24.trig-01.jpg,"{""IQimage"":{""sequence"":12478,""time"":1400854104806,""event"":[""none""],""imgjdbg"":"" 426/024:20/120/009:083/101/01/4/40/70/20/18:07/09/08:fb""}}",
/share/Recordings/iq/00_50_1a_02_2c_be/05-23/09/09_46_52.trig-03.jpg,"{""IQimage"":{""sequence"":53997,""time"":1400856412442,""event"":[""none""],""imgjdbg"":"" 383/024:20/174/001:083/099/01/4/40/70/20/18:06/07/07:3f""}}",
/share/Recordings/iq/00_50_1a_02_2c_be/05-23/09/09_29_14.trig-04.jpg,"{""IQimage"":{""sequence"":34955,""time"":1400855354140,""event"":[""none""],""imgjdbg"":"" 412/024:20/120/002:084/100/01/4/40/70/20/18:07/09/08:62""}}",
/share/Recordings/iq/00_50_1a_02_2c_be/05-23/09/09_50_00.trig+00.jpg,"{""IQimage"":{""sequence"":57381,""time"":1400856600541,""event"":[""motion""],""motionWindows"":[6],""imgjdbg"":"" 397/024:21/174/008:083/101/01/4/40/70/20/18:06/08/08:6c""}}",
/share/Recordings/iq/00_50_1a_02_2c_be/05-23/09/09_52_52.trig+01.jpg,"{""IQimage"":{""sequence"":60451,""time"":1400856772165,""event"":[""motion""],""motionWindows"":[4],""imgjdbg"":"" 379/024:21/240/012:083/101/01/4/40/70/20/18:05/07/06:93""}}",
/share/Recordings/iq/00_50_1a_02_2c_be/05-23/09/09_49_57.trig-02.jpg,"{""IQimage"":{""sequence"":57322,""time"":1400856597253,""event"":[""none""],""imgjdbg"":"" 397/024:21/174/008:083/101/01/4/40/70/20/18:06/08/08:6c""}}",
/share/Recordings/iq/00_50_1a_02_2c_be/05-23/09/09_52_31.trig+01.jpg,"{""IQimage"":{""sequence"":60087,""time"":1400856751925,""event"":[""motion""],""motionWindows"":[6],""imgjdbg"":"" 379/024:21/240/012:083/101/01/4/40/70/20/18:06/07/07:89""}}",
/share/Recordings/iq/00_50_1a_02_2c_be/05-23/09/09_09_04.trig-01.jpg,"{""IQimage"":{""sequence"":13194,""time"":1400854144557,""event"":[""none""],""imgjdbg"":"" 426/024:20/120/009:083/101/01/4/40/70/20/18:06/09/07:04""}}",
/share/Recordings/iq/00_50_1a_02_2c_be/05-23/09/09_08_22.trig+00.jpg,"{""IQimage"":{""sequence"":12438,""time"":1400854102585,""event"":[""motion""],""motionWindows"":[3,6],""imgjdbg"":"" 426/024:20/120/009:083/101/01/4/40/70/20/18:07/09/08:fb""}}",
/share/Recordings/iq/00_50_1a_02_2c_be/05-23/09/09_29_12.trig+01.jpg,"{""IQimage"":{""sequence"":34933,""time"":1400855352918,""event"":[""none""],""imgjdbg"":"" 412/024:20/120/002:084/100/01/4/40/70/20/18:07/09/08:62""}}",
/share/Recordings/iq/00_50_1a_02_2c_be/05-23/09/09_05_51.trig+00.jpg,"{""IQimage"":{""sequence"":9730,""time"":1400853951803,""event"":[""motion""],""motionWindows"":[3],""imgjdbg"":"" 432/024:20/120/012:083/100/01/4/40/70/20/18:06/07/07:e6""}}",
/share/Recordings/iq/00_50_1a_02_2c_be/05-23/09/09_50_15.trig-03.jpg,"{""IQimage"":{""sequence"":57655,""time"":1400856615760,""event"":[""none""],""imgjdbg"":"" 397/024:21/174/008:083/101/01/4/40/70/20/18:05/07/07:6d""}}",
/share/Recordings/iq/00_50_1a_02_2c_be/05-23/09/09_05_54.trig-02.jpg,"{""IQimage"":{""sequence"":9770,""time"":1400853954005,""event"":[""none""],""imgjdbg"":"" 432/024:20/120/012:083/100/01/4/40/70/20/18:06/07/07:e8""}}",
/share/Recordings/iq/00_50_1a_02_2c_be/05-23/09/09_50_16.trig+01.jpg,"{""IQimage"":{""sequence"":57675,""time"":1400856616892,""event"":[""none""],""imgjdbg"":"" 397/024:21/174/008:083/101/01/4/40/70/20/18:05/07/07:6d""}}",
/share/Recordings/iq/00_50_1a_02_2c_be/05-23/09/09_49_57.trig-01.jpg,"{""IQimage"":{""sequence"":57326,""time"":1400856597475,""event"":[""none""],""imgjdbg"":"" 397/024:21/174/008:083/101/01/4/40/70/20/18:06/08/08:6c""}}",
/share/Recordings/iq/00_50_1a_02_2c_be/05-23/09/09_51_27.trig-01.jpg,"{""IQimage"":{""sequence"":58938,""time"":1400856687088,""event"":[""motion""],""motionWindows"":[4],""imgjdbg"":"" 381/024:21/174/000:083/099/01/4/40/70/20/18:06/08/07:80""}}",
/share/Recordings/iq/00_50_1a_02_2c_be/05-23/09/09_51_29.trig-04.jpg,"{""IQimage"":{""sequence"":58979,""time"":1400856689386,""event"":[""none""],""imgjdbg"":"" 381/024:21/174/000:083/099/01/4/40/70/20/18:06/08/07:80""}}",
/share/Recordings/iq/00_50_1a_02_2c_be/05-23/09/09_08_17.trig+00.jpg,"{""IQimage"":{""sequence"":12354,""time"":1400854097919,""event"":[""motion""],""motionWindows"":[2,3],""imgjdbg"":"" 426/024:20/120/009:083/101/01/4/40/70/20/18:07/09/08:fb""}}",
/share/Recordings/iq/00_50_1a_02_2c_be/05-23/09/09_29_14.trig+01.jpg,"{""IQimage"":{""sequence"":34970,""time"":1400855354973,""event"":[""none""],""imgjdbg"":"" 412/024:20/120/002:084/100/01/4/40/70/20/18:07/09/08:62""}}",
/share/Recordings/iq/00_50_1a_02_2c_be/05-23/09/09_53_37.trig-04.jpg,"{""IQimage"":{""sequence"":61274,""time"":1400856817878,""event"":[""none""],""imgjdbg"":"" 372/024:21/240/009:083/101/01/4/40/70/20/18:05/07/07:a0""}}",
/share/Recordings/iq/00_50_1a_02_2c_be/05-23/09/09_51_17.trig+00.jpg,"{""IQimage"":{""sequence"":58760,""time"":1400856677201,""event"":[""motion""],""motionWindows"":[1,6],""imgjdbg"":"" 397/024:21/174/008:083/100/01/4/40/70/20/18:07/09/09:76""}}",
/share/Recordings/iq/00_50_1a_02_2c_be/05-23/09/09_06_15.trig+00.jpg,"{""IQimage"":{""sequence"":10164,""time"":1400853975871,""event"":[""motion""],""motionWindows"":[1,3],""imgjdbg"":"" 428/024:20/120/010:083/100/01/4/40/70/20/18:06/08/07:f0""}}",
/share/Recordings/iq/00_50_1a_02_2c_be/05-23/09/09_08_12.trig-04.jpg,"{""IQimage"":{""sequence"":12251,""time"":1400854092177,""event"":[""none""],""imgjdbg"":"" 426/024:20/120/009:083/101/01/4/40/70/20/18:07/09/08:fb""}}",
/share/Recordings/iq/00_50_1a_02_2c_be/05-23/09/09_08_28.trig+00.jpg,"{""IQimage"":{""sequence"":12542,""time"":1400854108382,""event"":[""motion""],""motionWindows"":[1],""imgjdbg"":"" 426/024:20/120/009:083/100/01/4/40/70/20/18:06/09/07:fd""}}",
/share/Recordings/iq/00_50_1a_02_2c_be/05-23/09/09_51_16.trig-03.jpg,"{""IQimage"":{""sequence"":58743,""time"":1400856676235,""event"":[""none""],""imgjdbg"":"" 397/024:21/174/008:083/100/01/4/40/70/20/18:05/08/08:75""}}",
/share/Recordings/iq/00_50_1a_02_2c_be/05-23/09/09_08_06.trig-01.jpg,"{""IQimage"":{""sequence"":12150,""time"":1400854086575,""event"":[""none""],""imgjdbg"":"" 426/024:20/120/009:083/101/01/4/40/70/20/18:07/09/08:fb""}}",
/share/Recordings/iq/00_50_1a_02_2c_be/05-23/09/09_29_06.trig+00.jpg,"{""IQimage"":{""sequence"":34814,""time"":1400855346287,""event"":[""motion""],""motionWindows"":[1,3],""imgjdbg"":"" 412/024:20/120/002:084/100/01/4/40/70/20/18:07/09/08:62""}}",
/share/Recordings/iq/00_50_1a_02_2c_be/05-23/09/09_50_15.trig-04.jpg,"{""IQimage"":{""sequence"":57652,""time"":1400856615594,""event"":[""none""],""imgjdbg"":"" 397/024:21/174/008:083/101/01/4/40/70/20/18:05/07/07:6d""}}",
/share/Recordings/iq/00_50_1a_02_2c_be/05-23/09/09_51_33.trig+00.jpg,"{""IQimage"":{""sequence"":59060,""time"":1400856693906,""event"":[""motion""],""motionWindows"":[4],""imgjdbg"":"" 381/024:21/174/000:083/099/01/4/40/70/20/18:06/08/07:80""}}",
/share/Recordings/iq/00_50_1a_02_2c_be/05-23/09/09_05_34.trig-03.jpg,"{""IQimage"":{""sequence"":9420,""time"":1400853934582,""event"":[""none""],""imgjdbg"":"" 440/024:20/120/016:083/097/01/4/40/70/20/18:06/08/08:d8""}}",
/share/Recordings/iq/00_50_1a_02_2c_be/05-23/09/09_48_25.trig-03.jpg,"{""IQimage"":{""sequence"":55678,""time"":1400856505935,""event"":[""none""],""imgjdbg"":"" 377/024:19/240/011:083/101/01/4/40/70/20/18:06/08/07:4f""}}",
/share/Recordings/iq/00_50_1a_02_2c_be/05-23/09/09_50_45.trig-03.jpg,"{""IQimage"":{""sequence"":58183,""time"":1400856645109,""event"":[""none""],""imgjdbg"":"" 397/024:21/174/008:083/100/01/4/40/70/20/18:06/07/07:73""}}",
/share/Recordings/iq/00_50_1a_02_2c_be/05-23/09/09_08_27.trig-02.jpg,"{""IQimage"":{""sequence"":12530,""time"":1400854107685,""event"":[""none""],""imgjdbg"":"" 426/024:20/120/009:083/101/01/4/40/70/20/18:07/09/07:fc""}}",
/share/Recordings/iq/00_50_1a_02_2c_be/05-23/09/09_06_57.trig+00.jpg,"{""IQimage"":{""sequence"":10909,""time"":1400854017644,""event"":[""motion""],""motionWindows"":[4],""imgjdbg"":"" 426/024:20/120/009:083/100/01/4/40/70/20/18:07/09/08:f4""}}",
/share/Recordings/iq/00_50_1a_02_2c_be/05-23/09/09_51_41.trig-01.jpg,"{""IQimage"":{""sequence"":59193,""time"":1400856701294,""event"":[""none""],""imgjdbg"":"" 379/024:21/240/012:083/101/01/4/40/70/20/18:05/07/06:85""}}",
/share/Recordings/iq/00_50_1a_02_2c_be/05-23/09/09_51_32.trig+00.jpg,"{""IQimage"":{""sequence"":59042,""time"":1400856692907,""event"":[""motion""],""motionWindows"":[4],""imgjdbg"":"" 381/024:21/174/000:083/099/01/4/40/70/20/18:06/08/07:80""}}",
/share/Recordings/iq/00_50_1a_02_2c_be/05-23/09/09_08_29.trig-02.jpg,"{""IQimage"":{""sequence"":12566,""time"":1400854109715,""event"":[""none""],""imgjdbg"":"" 426/024:20/120/009:083/101/01/4/40/70/20/18:07/09/07:fe""}}",
/share/Recordings/iq/00_50_1a_02_2c_be/05-23/09/09_05_49.trig+01.jpg,"{""IQimage"":{""sequence"":9687,""time"":1400853949435,""event"":[""none""],""imgjdbg"":"" 432/024:20/120/012:083/100/01/4/40/70/20/18:06/07/07:e3""}}",
/share/Recordings/iq/00_50_1a_02_2c_be/05-23/09/09_49_57.trig-03.jpg,"{""IQimage"":{""sequence"":57318,""time"":1400856597031,""event"":[""none""],""imgjdbg"":"" 397/024:21/174/008:083/101/01/4/40/70/20/18:06/08/08:6c""}}",
/share/Recordings/iq/00_50_1a_02_2c_be/05-23/09/09_08_24.trig+01.jpg,"{""IQimage"":{""sequence"":12469,""time"":1400854104306,""event"":[""motion""],""motionWindows"":[3],""imgjdbg"":"" 426/024:20/120/009:083/101/01/4/40/70/20/18:07/09/08:fb""}}",
/share/Recordings/iq/00_50_1a_02_2c_be/05-23/09/09_09_18.trig-03.jpg,"{""IQimage"":{""sequence"":13437,""time"":1400854158076,""event"":[""none""],""imgjdbg"":"" 426/024:20/120/009:083/101/01/4/40/70/20/18:06/09/07:04""}}",
/share/Recordings/iq/00_50_1a_02_2c_be/05-23/09/09_08_30.trig+00.jpg,"{""IQimage"":{""sequence"":12572,""time"":1400854110049,""event"":[""motion""],""motionWindows"":[3],""imgjdbg"":"" 426/024:20/120/009:083/100/01/4/40/70/20/18:06/09/07:ff""}}",
/share/Recordings/iq/00_50_1a_02_2c_be/05-23/09/09_51_27.trig+00.jpg,"{""IQimage"":{""sequence"":58939,""time"":1400856687143,""event"":[""motion""],""motionWindows"":[4],""imgjdbg"":"" 381/024:21/174/000:083/099/01/4/40/70/20/18:06/08/07:80""}}",
/share/Recordings/iq/00_50_1a_02_2c_be/05-23/09/09_51_26.trig-04.jpg,"{""IQimage"":{""sequence"":58927,""time"":1400856686477,""event"":[""none""],""imgjdbg"":"" 381/024:21/174/000:083/099/01/4/40/70/20/18:06/08/07:80""}}",
/share/Recordings/iq/00_50_1a_02_2c_be/05-23/09/09_46_15.trig+00.jpg,"{""IQimage"":{""sequence"":53326,""time"":1400856375151,""event"":[""motion""],""motionWindows"":[6],""imgjdbg"":"" 397/024:20/174/008:083/100/01/4/40/70/20/18:06/09/08:2e""}}",
/share/Recordings/iq/00_50_1a_02_2c_be/05-23/09/09_05_52.trig+00.jpg,"{""IQimage"":{""sequence"":9749,""time"":1400853952858,""event"":[""motion""],""motionWindows"":[3],""imgjdbg"":"" 432/024:20/120/012:083/100/01/4/40/70/20/18:06/07/07:e7""}}",
/share/Recordings/iq/00_50_1a_02_2c_be/05-23/09/09_09_04.trig-03.jpg,"{""IQimage"":{""sequence"":13187,""time"":1400854144169,""event"":[""none""],""imgjdbg"":"" 426/024:20/120/009:083/101/01/4/40/70/20/18:06/09/07:04""}}",
/share/Recordings/iq/00_50_1a_02_2c_be/05-23/09/09_50_46.trig+01.jpg,"{""IQimage"":{""sequence"":58202,""time"":1400856646186,""event"":[""none""],""imgjdbg"":"" 397/024:21/174/008:083/100/01/4/40/70/20/18:06/08/07:74""}}",
/share/Recordings/iq/00_50_1a_02_2c_be/05-23/09/09_46_52.trig-02.jpg,"{""IQimage"":{""sequence"":54001,""time"":1400856412664,""event"":[""none""],""imgjdbg"":"" 383/024:20/174/001:083/099/01/4/40/70/20/18:06/07/07:3f""}}",
/share/Recordings/iq/00_50_1a_02_2c_be/05-23/09/09_08_06.trig-04.jpg,"{""IQimage"":{""sequence"":12140,""time"":1400854086020,""event"":[""none""],""imgjdbg"":"" 426/024:20/120/009:083/101/01/4/40/70/20/18:07/09/08:fb""}}",
/share/Recordings/iq/00_50_1a_02_2c_be/05-23/09/09_05_51.trig+01.jpg,"{""IQimage"":{""sequence"":9719,""time"":1400853951192,""event"":[""motion""],""motionWindows"":[3],""imgjdbg"":"" 432/024:20/120/012:083/100/01/4/40/70/20/18:06/07/07:e5""}}",
/share/Recordings/iq/00_50_1a_02_2c_be/05-23/09/09_49_09.trig-02.jpg,"{""IQimage"":{""sequence"":56462,""time"":1400856549524,""event"":[""none""],""imgjdbg"":"" 397/024:21/174/008:084/101/01/4/40/70/20/18:07/10/08:68""}}",
/share/Recordings/iq/00_50_1a_02_2c_be/05-23/09/09_49_59.trig-01.jpg,"{""IQimage"":{""sequence"":57360,""time"":1400856599385,""event"":[""none""],""imgjdbg"":"" 397/024:21/174/008:083/101/01/4/40/70/20/18:06/08/08:6c""}}",
/share/Recordings/iq/00_50_1a_02_2c_be/05-23/09/09_28_13.trig-02.jpg,"{""IQimage"":{""sequence"":33871,""time"":1400855293856,""event"":[""none""],""imgjdbg"":"" 412/024:19/120/002:083/099/01/4/40/70/20/18:06/08/08:54""}}",
/share/Recordings/iq/00_50_1a_02_2c_be/05-23/09/09_52_32.trig+00.jpg,"{""IQimage"":{""sequence"":60102,""time"":1400856752759,""event"":[""motion""],""motionWindows"":[6],""imgjdbg"":"" 379/024:21/240/012:083/101/01/4/40/70/20/18:06/07/07:89""}}",
/share/Recordings/iq/00_50_1a_02_2c_be/05-23/09/09_25_05.trig+00.jpg,"{""IQimage"":{""sequence"":30486,""time"":1400855105699,""event"":[""motion""],""motionWindows"":[3],""imgjdbg"":"" 442/020:20/120/017:083/097/01/4/40/70/20/18:06/07/07:10""}}",
